Ingredient,RiskLevel,Notes,Rating,Time_to_Show_Results
Retinol,High,Can cause irritation for sensitive skin,4.8,3 months
Hyaluronic Acid,Low,"Generally safe, moisturizes skin",4.4,0.5 month
Chia Seeds,Low,"Generally safe, may cause allergies in rare cases",3.8,2 months
ACV,Medium,Can cause acidity or digestive issues,3.8,2 months
Vitamin C,Medium,May cause irritation for sensitive skin,4.7,2 months
Collagen,Low,Generally safe,3.8,2 months
Eggs,Medium,"High protein, may cause allergies",3.8,2 months
Meat,Medium,"High protein, may not suit high cholesterol users",3.8,2 months
Butter,Medium,"High fat, may not suit high cholesterol users",3.8,2 months
Green Tea,Low,"Generally safe, may interact with some medications",3.8,2 months
Niacinamide,Medium,May cause mild irritation,4.6,1.5 months
Whey,Medium,May cause allergies in some users,3.8,2 months
Milk,Medium,May cause lactose intolerance issues,3.8,2 months
Lemon,Low,"Generally safe, acidic",3.8,2 months
Aloe Vera,Low,"Generally safe, soothing",3.9,1 month
